rgn_id,year,value
1,2013,0.11400938779115677
2,2013,0.039697084575891495
3,2013,0.0023068637121468785
4,2013,0.0336896485183388
5,2013,0.05782030369155109
6,2013,0.128563321614638
7,2013,0.04577967692166567
8,2013,0.09964814507402481
